"Reference","Qty","Value","Footprint","DNP","Exclude from BOM","Exclude from Board","Datasheet","DigiKey Part #","Part #"
"R16","1","191kΩ","Resistor_SMD:R_0201_0603Metric_Pad0.64x0.40mm_HandSolder","","","","https://yageogroup.com/content/datasheet/asset/file/PYU-RC_GROUP_51_ROHS_L","YAG2460CT-ND","RC0201FR-07191KL"
"U5","1","SIC437AED-T1-GE3","Package_DFN_QFN:Vishay_PowerPAK_MLP44-24L_ThermalVias","","","","https://www.vishay.com/docs/75921/sic437.pdf","SIC437AED-T1-GE3CT-ND",""
"R23","1","10kΩ","Resistor_SMD:R_0402_1005Metric_Pad0.72x0.64mm_HandSolder","","","","https://www.seielect.com/catalog/SEI-RMCF_RMCP.pdf","RMCF0402FT10K0CT-ND","RMCF0402FT10K0"
"R15","1","10kΩ","Resistor_SMD:R_0402_1005Metric_Pad0.72x0.64mm_HandSolder","","","","https://www.seielect.com/catalog/SEI-RMCF_RMCP.pdf","RMCF0402FT10K0CT-ND","RMCF0402FT10K0"
"R21","1","499kΩ","Resistor_SMD:R_0805_2012Metric_Pad1.20x1.40mm_HandSolder","","","","https://www.susumu.co.jp/dl/?filename=n_catalog_partition01_en.pdf&type=application/pdf","RG20P499KBCT-ND","RG2012P-4993-B-T5"
"R_Shunt2","1","10mΩ","","","","","https://industrial.panasonic.com/cdbs/www-data/pdf/RDN0000/AOA0000C319.pdf","P17098CT-ND","ERJ-MS4HF10MU"
"R_Shunt1","1","10mΩ","","","","","https://industrial.panasonic.com/cdbs/www-data/pdf/RDN0000/AOA0000C319.pdf","P17098CT-ND","ERJ-MS4HF10MU"
"U2","1","NCP1117LPST33T3G","Package_TO_SOT_SMD:SOT-223-3_TabPin2","","","","https://www.onsemi.com/pdf/datasheet/ncp1117lp-d.pdf","NCP1117LPST33T3GOSCT-ND",""
"U6","1","LM66100DCK","Package_TO_SOT_SMD:SOT-363_SC-70-6","","","","https://www.ti.com/lit/ds/symlink/lm66100.pdf","LM66100DCK",""
"R_Shunt3","1","2.5mΩ","","","","","https://www.vishay.com/docs/30100/wsl.pdf","541-10116-1-ND","WSL25122L500FEA"
"R22","1","2.2Ω","Resistor_SMD:R_0402_1005Metric_Pad0.72x0.64mm_HandSolder","","","","https://www.vishay.com/docs/20035/dcrcwe3.pdf","541-2.20LLCT-ND","CRCW04022R20FKED"
"L1","1","3.3u","ControllerLib:AOTAB201610S3R3101T","","","","https://abracon.com/datasheets/AOTA-B201610S3R3-101-T.pdf","535-AOTA-B201610S3R3-101-TCT-ND",""
"Y1","1","ABM8-272-T3","Crystal:Crystal_SMD_Abracon_ABM8AIG-4Pin_3.2x2.5mm","","","","https://mm.digikey.com/Volume0/opasdata/d220001/medias/docus/6536/ABM8_Datasheet.pdf","535-ABM8-272-T3CT-ND",""
"C25","1","4.7µF","Capacitor_SMD:C_1210_3225Metric_Pad1.33x2.70mm_HandSolder","","","","https://mm.digikey.com/Volume0/opasdata/d220001/medias/docus/8942/490_Chip_Multilayer_CAT2021_MLCC.pdf","490-1864-1-ND","GRM32ER71H475KA88L"
"C18","1","4.7µF","Capacitor_SMD:C_1210_3225Metric_Pad1.33x2.70mm_HandSolder","","","","https://mm.digikey.com/Volume0/opasdata/d220001/medias/docus/8942/490_Chip_Multilayer_CAT2021_MLCC.pdf","490-1864-1-ND","GRM32ER71H475KA88L"
"C12","1","2.2µF","","","","","https://pim.murata.com/asset/pim4/ceramicCapacitorSMD/GRT188R61H225KE13-01A-EN_PDF_CERAMICCAPACITORSMD","490-12332-1-ND","GRT188R61H225KE13D"
"C8","1","2.2µF","","","","","https://pim.murata.com/asset/pim4/ceramicCapacitorSMD/GRT188R61H225KE13-01A-EN_PDF_CERAMICCAPACITORSMD","490-12332-1-ND","GRT188R61H225KE13D "
"C13","1","0.1µF","","","","","https://mm.digikey.com/Volume0/opasdata/d220001/medias/docus/8942/490_Chip_Multilayer_CAT2021_MLCC.pdf","490-10700-1-ND","GRM155R71H104KE14D"
"C9","1","0.1µF","","","","","https://mm.digikey.com/Volume0/opasdata/d220001/medias/docus/8942/490_Chip_Multilayer_CAT2021_MLCC.pdf","490-10700-1-ND","GRM155R71H104KE14D"
"C65","1","0.1µF","Capacitor_SMD:C_0402_1005Metric_Pad0.74x0.62mm_HandSolder","","","","https://pim.murata.com/asset/pim4/ceramicCapacitorSMD/GCM155R71H104KE02-01A-EN_PDF_CERAMICCAPACITORSMD","490-10672-1-ND","GCM155R71H104KE02D"
"C59","1","0.1µF","Capacitor_SMD:C_0402_1005Metric_Pad0.74x0.62mm_HandSolder","","","","https://pim.murata.com/asset/pim4/ceramicCapacitorSMD/GCM155R71H104KE02-01A-EN_PDF_CERAMICCAPACITORSMD","490-10672-1-ND","GCM155R71H104KE02D"
"C31","1","0.1µF","Capacitor_SMD:C_0402_1005Metric_Pad0.74x0.62mm_HandSolder","","","","https://pim.murata.com/asset/pim4/ceramicCapacitorSMD/GCM155R71H104KE02-01A-EN_PDF_CERAMICCAPACITORSMD","490-10672-1-ND","GCM155R71H104KE02D"
"C19","1","1µF","Capacitor_SMD:C_0402_1005Metric_Pad0.74x0.62mm_HandSolder","","","","","490-10017-1-ND","GRM155R61E105KA12D"
"J2","1","SM03B-SRSS-TB","","","","","","455-SM03B-SRSS-TBCT-ND",""
"L2","1","5.6µH","","","","","https://www.digikey.com/en/products/detail/codaca/CSHB0540R-5R6M/16633457","4044-CSHB0540R-5R6MCT-ND","CSHB0540R-5R6M"
"L4","1","3.3µH","","","","","https://www.codaca.com/Private/pdf/CSHB0540R.pdf","4044-CSHB0540R-3R3MCT-ND","CSHB0540R-3R3M"
"L3","1","6.8µH","","","","","https://www.codaca.com/Private/pdf/CSBA1060.pdf","4044-CSBA1060-6R8MCT-ND","CSBA1060-6R8M"
"C14","1","44µF","","","","","https://yageogroup.com/content/datasheet/asset/file/KEM_A4088_A768","399-A768EB476M1VLAE042CT-ND","A768EB476M1VLAE042"
"C11","1","44µF","","","","","https://yageogroup.com/content/datasheet/asset/file/KEM_A4088_A768","399-A768EB476M1VLAE042CT-ND","A768EB476M1VLAE042"
"C64","1","22µF","Capacitor_SMD:CAPAE660X600N - A768EB226M1HLAE048","","","","https://yageogroup.com/content/datasheet/asset/file/KEM_A4088_A768","399-A768EB226M1HLAE048CT-ND",""
"C63","1","22µF","Capacitor_SMD:CAPAE660X600N - A768EB226M1HLAE048","","","","https://yageogroup.com/content/datasheet/asset/file/KEM_A4088_A768","399-A768EB226M1HLAE048CT-ND",""
"C62","1","22µF","Capacitor_SMD:CAPAE660X600N - A768EB226M1HLAE048","","","","https://yageogroup.com/content/datasheet/asset/file/KEM_A4088_A768","399-A768EB226M1HLAE048CT-ND",""
"C61","1","22µF","Capacitor_SMD:CAPAE660X600N - A768EB226M1HLAE048","","","","https://yageogroup.com/content/datasheet/asset/file/KEM_A4088_A768","399-A768EB226M1HLAE048CT-ND",""
"C60","1","22µF","Capacitor_SMD:CAPAE660X600N - A768EB226M1HLAE048","","","","https://yageogroup.com/content/datasheet/asset/file/KEM_A4088_A768","399-A768EB226M1HLAE048CT-ND",""
"C56","1","22µF","Capacitor_SMD:CAPAE660X600N - A768EB226M1HLAE048","","","","https://yageogroup.com/content/datasheet/asset/file/KEM_A4088_A768","399-A768EB226M1HLAE048CT-ND",""
"C55","1","22µF","Capacitor_SMD:CAPAE660X600N - A768EB226M1HLAE048","","","","https://yageogroup.com/content/datasheet/asset/file/KEM_A4088_A768","399-A768EB226M1HLAE048CT-ND",""
"C38","1","22µF","Capacitor_SMD:CAPAE660X600N - A768EB226M1HLAE048","","","","https://yageogroup.com/content/datasheet/asset/file/KEM_A4088_A768","399-A768EB226M1HLAE048CT-ND",""
"C37","1","22µF","Capacitor_SMD:CAPAE660X600N - A768EB226M1HLAE048","","","","https://yageogroup.com/content/datasheet/asset/file/KEM_A4088_A768","399-A768EB226M1HLAE048CT-ND",""
"C36","1","22µF","Capacitor_SMD:CAPAE660X600N - A768EB226M1HLAE048","","","","https://yageogroup.com/content/datasheet/asset/file/KEM_A4088_A768","399-A768EB226M1HLAE048CT-ND",""
"Q1","1","PMOS","","","","","https://www.gofordsemi.com/upload/cn/propdf/GT065P06K.pdf","3141-GT065P06KCT-ND","GT065P06K"
"R20","1","100kΩ","Resistor_SMD:R_0402_1005Metric_Pad0.72x0.64mm_HandSolder","","","","https://yageogroup.com/content/datasheet/asset/file/PYU-RC_GROUP_51_ROHS_L","311-100KLRCT-ND","RC0402FR-07100KL"
"R13","1","100kΩ","","","","","https://yageogroup.com/content/datasheet/asset/file/PYU-RC_GROUP_51_ROHS_L","311-100KLRCT-ND","RC0402FR-07100KL"
"R11","1","100kΩ","","","","","https://yageogroup.com/content/datasheet/asset/file/PYU-RC_GROUP_51_ROHS_L","311-100KLRCT-ND","RC0402FR-07100KL"
"R12","1","22.1kΩ","","","","","https://yageogroup.com/content/datasheet/asset/file/PYU-RC_GROUP_51_ROHS_L","311-22.1KHRCT-ND","RC0603FR-0722K1L"
"R14","1","13.7kΩ","","","","","https://www.digikey.com/en/products/detail/yageo/RC0603FR-0713K7L/726933","311-13.7KHRCT-ND","RC0603FR-0713K7L"
"U4","1","LMR51430XDDCR","Package_TO_SOT_SMD:SOT-23-6","","","","https://www.ti.com/lit/ds/symlink/lmr51430.pdf","296-LMR51430XDDCRCT-ND",""
"U3","1","LMR51430XDDCR","Package_TO_SOT_SMD:SOT-23-6","","","","https://www.ti.com/lit/ds/symlink/lmr51430.pdf","296-LMR51430XDDCRCT-ND",""
"U7","1","INA4180A3IPWR","","","","","https://www.ti.com/lit/ds/symlink/ina4180.pdf","296-49096-1-ND","INA4180A3IPWR"
"U1","1","RP2354B-QFN80","Package_DFN_QFN:QFN-80-1EP_10x10mm_P0.4mm_EP3.4x3.4mm","","","","https://pip-assets.raspberrypi.com/categories/1214-rp2350/documents/RP-008373-DS-2-rp2350-datasheet.pdf","2648-SC1512(13)-A4CT-ND",""
"D1","1","D_Schottky_Small","Package_SON:WSON-8-1EP_6x5mm_P1.27mm_EP3.4x4mm","","","","","1801-BAT201M3RRGCT-ND",""
"C58","1","10µF","Capacitor_SMD:C_1210_3225Metric_Pad1.33x2.70mm_HandSolder","","","","https://mm.digikey.com/Volume0/opasdata/d220001/medias/docus/2124/CL32B106KMVNNWE_Spec.pdf","1276-7053-1-ND","CL32B106KMVNNWE"
"C57","1","10µF","Capacitor_SMD:C_1210_3225Metric_Pad1.33x2.70mm_HandSolder","","","","https://mm.digikey.com/Volume0/opasdata/d220001/medias/docus/2124/CL32B106KMVNNWE_Spec.pdf","1276-7053-1-ND","CL32B106KMVNNWE"
"C35","1","10µF","Capacitor_SMD:C_1210_3225Metric_Pad1.33x2.70mm_HandSolder","","","","https://mm.digikey.com/Volume0/opasdata/d220001/medias/docus/2124/CL32B106KMVNNWE_Spec.pdf","1276-7053-1-ND","CL32B106KMVNNWE"
"C34","1","10µF","Capacitor_SMD:C_1210_3225Metric_Pad1.33x2.70mm_HandSolder","","","","https://mm.digikey.com/Volume0/opasdata/d220001/medias/docus/2124/CL32B106KMVNNWE_Spec.pdf","1276-7053-1-ND","CL32B106KMVNNWE"
"C33","1","10µF","Capacitor_SMD:C_1210_3225Metric_Pad1.33x2.70mm_HandSolder","","","","https://mm.digikey.com/Volume0/opasdata/d220001/medias/docus/2124/CL32B106KMVNNWE_Spec.pdf","1276-7053-1-ND","CL32B106KMVNNWE"
"C32","1","10µF","Capacitor_SMD:C_1210_3225Metric_Pad1.33x2.70mm_HandSolder","","","","https://mm.digikey.com/Volume0/opasdata/d220001/medias/docus/2124/CL32B106KMVNNWE_Spec.pdf","1276-7053-1-ND","CL32B106KMVNNWE"
"F1","1","0297030.WXNV","","","","","https://www.littelfuse.com/assetdocs/littelfuse_datasheet_297_mini32v.pdf?assetguid=42c9dd21-a88e-4328-8e67-2f832444faf1","F995-ND",""
"U8","1","LM66100DCK","Package_TO_SOT_SMD:SOT-363_SC-70-6","","","","https://www.ti.com/lit/ds/symlink/lm66100.pdf","",""
"TP33","1","GND","TestPoint:TestPoint_Pad_D1.0mm","","","","","",""
"TP32","1","GND","TestPoint:TestPoint_Pad_D1.0mm","","","","","",""
"TP23","1","3.3V","TestPoint:TestPoint_Pad_D1.0mm","","","","","",""
"TP22","1","3.3V_REG","TestPoint:TestPoint_Pad_D1.0mm","","","","","",""
"TP21","1","3.3V DEBUG","TestPoint:TestPoint_Pad_D1.0mm","","","","","",""
"TP3","1","GND","TestPoint:TestPoint_THTPad_2.0x2.0mm_Drill1.0mm","","","","","",""
"TP2","1","SWDIO","TestPoint:TestPoint_THTPad_D2.0mm_Drill1.0mm","","","","","",""
"TP1","1","SWCLK","TestPoint:TestPoint_THTPad_D2.0mm_Drill1.0mm","","","","","",""
"SW11","1","SW_Push","ControllerLib:SW_SKRPABE010","","","","https://tech.alpsalpine.com/cms.media/product_spec_skrpabe010_en_c1c577738a.pdf","",""
"SW10","1","SW_Push","ControllerLib:SW_SKRPABE010","","","","https://tech.alpsalpine.com/cms.media/product_spec_skrpabe010_en_c1c577738a.pdf","",""
"R54","1","10k","","","","","","",""
"R53","1","10k","","","","","","",""
"R51","1","1.6k","","","","","","",""
"R50","1","1.6k","","","","","","",""
"R49","1","1.6k","","","","","","",""
"R48","1","27.4","","","","","","",""
"R47","1","27.4","","","","","","",""
"R46","1","33","","","","","","",""
"R40","1","1k","","","","","","",""
"R33","1","4.7k","","","","","","",""
"R32","1","4.7k","","","","","","",""
"R28","1","1k","","","","","","",""
"R27","1","1k","","","","","","",""
"R17","1","1k","","","","","","",""
"R10","1","330kΩ","","","","","","",""
"R9","1","180kΩ","","","","","","",""
"R8","1","330kΩ","","","","","","",""
"R7","1","680kΩ","","","","","","",""
"R6","1","330kΩ","","","","","","",""
"R5","1","1.2MΩ","","","","","","",""
"R4","1","330kΩ","","","","","","",""
"R3","1","1.8MΩ","","","","","","",""
"R2","1","330kΩ","","","","","","",""
"R1","1","2.2MΩ","","","","","","",""
"J3","1","Conn_01x06_Pin","","","","","","",""
"J1","1","USB_B_Micro","","","","","","",""
"D14","1","LED","","","","","","",""
"D13","1","LED","","","","","","",""
"D12","1","LED","","","","","","",""
"C54","1","100n","","","","","","",""
"C53","1","100n","","","","","","",""
"C52","1","100n","","","","","","",""
"C51","1","100n","","","","","","",""
"C50","1","100n","","","","","","",""
"C49","1","100n","","","","","","",""
"C48","1","100n","","","","","","",""
"C47","1","100n","","","","","","",""
"C46","1","100n","","","","","","",""
"C45","1","100n","","","","","","",""
"C44","1","4.7u","","","","","","",""
"C43","1","100n","","","","","","",""
"C42","1","4.7u","","","","","","",""
"C41","1","4.7u","","","","","","",""
"C40","1","15p","","","","","","",""
"C39","1","15p","","","","","","",""
"C30","1","10u","","","","","","",""
"C10","1","4.7u","","","","","","",""
"C7","1","0.1µF","","","","","","",""
"C6","1","0.1µF","","","","","","",""
"C5","1","0.1µF","","","","","","",""
"C4","1","0.1µF","","","","","","",""
"C3","1","0.1µF","","","","","","",""
"C2","1","10µF","Package_TO_SOT_SMD:SOT-223-3_TabPin2","","","","","",""
"C1","1","10µF","Package_TO_SOT_SMD:SOT-223-3_TabPin2","","","","","",""
