Designator,Val,Package,Mid X,Mid Y,Rotation,Layer
C1,100nF,C_0603_1608Metric,163.5,-138.825,270.0,bottom
C10,100 pF,C_0603_1608Metric,119.775,-127.4,180.0,bottom
C100,10uF,C_1206_3216Metric,96.4,-116.275,-90.0,top
C101,10uF,C_1206_3216Metric,99.2,-116.275,-90.0,top
C102,10uF,C_1206_3216Metric,102.0,-116.275,-90.0,top
C103,220uF,CP_Elec_6.3x7.7,144.75,-89.88392,90.0,top
C104,10uF,C_1206_3216Metric,120.0,-120.8,-90.0,top
C105,10uF,C_1206_3216Metric,117.0,-119.8,-90.0,top
C106,10uF,C_1206_3216Metric,114.0,-117.6,-90.0,top
C107,10uF,C_1206_3216Metric,111.0,-116.275,-90.0,top
C108,10uF,C_1206_3216Metric,108.0,-116.275,-90.0,top
C109,10uF,C_1206_3216Metric,105.0,-116.275,-90.0,top
C11,100nF,C_0603_1608Metric,131.4,-130.8,270.0,bottom
C12,1uF,C_0603_1608Metric,131.4,-135.2,270.0,bottom
C13,100nF,C_0603_1608Metric,119.8,-136.6,90.0,top
C14,100nF,C_0603_1608Metric,119.8,-133.4,90.0,top
C15,100nF,C_0603_1608Metric,119.8,-130.2,90.0,top
C16,10nF,C_1206_3216Metric,122.2,-121.0,0.0,bottom
C17,100nF,C_0603_1608Metric,131.5,-127.0,90.0,top
C18,10uF,C_1206_3216Metric,129.0,-144.8,-90.0,top
C19,100nF,C_0603_1608Metric,131.2,-140.0,90.0,bottom
C2,10uF,C_1206_3216Metric,143.422262,-117.747262,180.0,top
C20,10uF,C_1206_3216Metric,125.0,-144.8,-90.0,top
C21,10uF,C_1206_3216Metric,121.0,-144.8,-90.0,top
C22,10uF,C_1206_3216Metric,117.0,-144.8,-90.0,top
C23,220uF,CP_Elec_6.3x7.7,153.625,-89.80892,90.0,top
C24,10uF,C_1206_3216Metric,183.2,-115.6,90.0,top
C25,10uF,C_1206_3216Metric,180.4,-115.6,90.0,top
C26,10uF,C_1206_3216Metric,162.2,-135.8,0.0,top
C27,10uF,C_1206_3216Metric,162.2,-133.2,0.0,top
C28,10uF,C_1206_3216Metric,162.2,-130.7,0.0,top
C29,10uF,C_1206_3216Metric,162.2,-128.2,0.0,top
C3,22uF,C_1206_3216Metric,135.1,-133.8,-90.0,top
C30,100 pF,C_0603_1608Metric,119.0,-172.0,270.0,bottom
C31,100 pF,C_0603_1608Metric,133.0,-166.6,0.0,bottom
C32,100nF,C_0603_1608Metric,131.0,-156.8,270.0,bottom
C33,1uF,C_0603_1608Metric,131.0,-160.8,270.0,bottom
C34,100nF,C_0603_1608Metric,120.0,-162.2,90.0,top
C35,100nF,C_0603_1608Metric,120.025,-158.975,90.0,top
C36,100nF,C_0603_1608Metric,120.025,-155.75,90.0,top
C37,10nF,C_1206_3216Metric,133.8,-170.6,180.0,bottom
C38,100nF,C_0603_1608Metric,119.4,-167.6,90.0,bottom
C39,10uF,C_1206_3216Metric,136.925,-157.8,0.0,top
C4,22uF,C_1206_3216Metric,140.772262,-112.997262,-90.0,top
C40,100nF,C_0603_1608Metric,133.0,-164.8,180.0,bottom
C41,10uF,C_1206_3216Metric,136.925,-161.2,0.0,top
C42,10uF,C_1206_3216Metric,136.925,-164.6,0.0,top
C43,10uF,C_1206_3216Metric,136.925,-167.9,0.0,top
C44,220uF,CP_Elec_6.3x7.7,115.5,-148.9,180.0,bottom
C45,10uF,C_1206_3216Metric,109.0,-150.025,90.0,top
C46,10uF,C_1206_3216Metric,113.0,-150.025,90.0,top
C47,10uF,C_1206_3216Metric,117.0,-150.025,90.0,top
C48,10uF,C_1206_3216Metric,121.0,-150.025,90.0,top
C49,10uF,C_1206_3216Metric,125.0,-150.025,90.0,top
C5,10uF,C_1206_3216Metric,160.7,-117.45,180.0,top
C50,10uF,C_1206_3216Metric,129.0,-150.025,90.0,top
C51,100 pF,C_0603_1608Metric,164.2,-171.2,270.0,bottom
C52,100 pF,C_0603_1608Metric,178.19,-165.6,0.0,bottom
C53,100nF,C_0603_1608Metric,170.8,-154.0,0.0,bottom
C54,1uF,C_0603_1608Metric,168.4,-157.4,90.0,bottom
C55,100nF,C_0603_1608Metric,179.6,-155.8,-90.0,top
C56,100nF,C_0603_1608Metric,179.6,-159.0,-90.0,top
C57,100nF,C_0603_1608Metric,179.6,-162.2,-90.0,top
C58,10nF,C_1206_3216Metric,178.99,-169.6,180.0,bottom
C59,100nF,C_0603_1608Metric,173.05,-164.5,180.0,bottom
C6,10nF,C_0603_1608Metric,177.75,-95.0,270.0,bottom
C60,10uF,C_1206_3216Metric,163.2,-167.8,180.0,top
C61,100nF,C_0603_1608Metric,168.875,-164.5,180.0,bottom
C62,10uF,C_1206_3216Metric,163.2,-164.6,180.0,top
C63,10uF,C_1206_3216Metric,163.2,-161.2,180.0,top
C64,10uF,C_1206_3216Metric,163.2,-157.8,180.0,top
C65,220uF,CP_Elec_6.3x7.7,185.95,-148.4,90.0,bottom
C66,10uF,C_1206_3216Metric,170.0,-150.0,90.0,top
C67,10uF,C_1206_3216Metric,174.0,-150.0,90.0,top
C68,10uF,C_1206_3216Metric,178.0,-150.0,90.0,top
C69,10uF,C_1206_3216Metric,182.0,-150.0,90.0,top
C7,470nF,C_0603_1608Metric,176.525,-86.0,180.0,bottom
C70,10uF,C_1206_3216Metric,186.0,-150.0,90.0,top
C71,10uF,C_1206_3216Metric,190.0,-150.0,90.0,top
C72,100 pF,C_0603_1608Metric,164.8,-123.45,0.0,top
C73,100 pF,C_0603_1608Metric,174.0,-119.65,180.0,top
C74,100nF,C_0603_1608Metric,170.0,-128.4,180.0,bottom
C75,1uF,C_0603_1608Metric,168.4,-132.1,90.0,top
C76,100nF,C_0603_1608Metric,179.6,-130.4,-90.0,top
C77,100nF,C_0603_1608Metric,179.6,-133.6,-90.0,top
C78,100nF,C_0603_1608Metric,179.6,-136.8,-90.0,top
C79,10nF,C_1206_3216Metric,165.15,-120.1,90.0,top
C8,22uF,C_1206_3216Metric,156.8,-112.7,-90.0,top
C80,100nF,C_0603_1608Metric,166.8,-125.1,90.0,bottom
C81,10uF,C_1206_3216Metric,182.0,-144.8,-90.0,top
C82,100nF,C_0603_1608Metric,169.0,-140.0,270.0,bottom
C83,10uF,C_1206_3216Metric,178.0,-144.8,-90.0,top
C84,10uF,C_1206_3216Metric,174.0,-144.8,-90.0,top
C85,10uF,C_1206_3216Metric,170.0,-144.8,-90.0,top
C86,220uF,CP_Elec_6.3x7.7,162.45,-89.83392,90.0,top
C87,10uF,C_1206_3216Metric,188.8,-115.6,90.0,top
C88,10uF,C_1206_3216Metric,191.6,-115.6,90.0,top
C89,10uF,C_1206_3216Metric,194.4,-115.6,90.0,top
C9,100 pF,C_0603_1608Metric,119.8,-123.8,180.0,bottom
C90,10uF,C_1206_3216Metric,197.2,-115.6,90.0,top
C91,10uF,C_1206_3216Metric,200.0,-115.6,90.0,top
C92,10uF,C_1206_3216Metric,202.8,-115.6,90.0,top
C93,100nF,C_0603_1608Metric,134.0,-119.15,0.0,bottom
C94,1uF,C_0603_1608Metric,135.27,-116.5,-90.0,top
C95,100nF,C_0603_1608Metric,123.96,-117.2,90.0,top
C96,100nF,C_0603_1608Metric,123.96,-114.0,90.0,top
C97,100nF,C_0603_1608Metric,123.96,-110.8,90.0,top
C98,100nF,C_0603_1608Metric,122.025,-105.25,180.0,bottom
C99,10uF,C_1206_3216Metric,186.0,-115.6,90.0,top
D1,GREEN,D_0603_1608Metric,177.96125,-99.73,180.0,top
D2,GREEN,D_0603_1608Metric,177.96125,-101.53,180.0,top
D3,GREEN,D_0603_1608Metric,177.96125,-103.33,180.0,top
D4,GREEN,D_0603_1608Metric,92.4,-150.2,-90.0,top
D5,GREEN,D_0603_1608Metric,86.8,-150.2,-90.0,top
D6,GREEN,D_0603_1608Metric,207.2,-150.0,90.0,top
D7,GREEN,D_0603_1608Metric,213.0,-150.0125,90.0,top
D8,GREEN,D_0603_1608Metric,126.4175,-89.18,0.0,top
J12,XT30PW-M,XT30PWM,131.4625,-91.35,270.0,bottom
J14,HFW8R-1STE1H1LF,AMPHENOL_HFW8R-1STE1H1LF,197.45,-111.0,270.0,bottom
J15,XT60PW-M,XT60PWM,150.1,-166.1625,180.0,top
J17,D2510-6002-AR,CONN_6002RB_3MM,90.07,-108.9386,-90.0,top
J20,D2510-6002-AR,CONN_6002RB_3MM,127.92,-175.33,0.0,top
J23,D2510-6002-AR,CONN_6002RB_3MM,172.08,-175.33,0.0,top
J26,D2510-6002-AR,CONN_6002RB_3MM,210.23,-108.92,90.0,top
J28,S8B-PH-SM4-TB,CONN_S8B-PH-SM4-TB_JST,111.0,-89.155699,180.0,top
J4,52901-0274,529010274,134.0,-103.0,0.0,top
J5,52901-0274,529010274,138.0,-146.0,-90.0,top
J8,52901-0274,529010274,166.0,-103.0,0.0,top
J9,52901-0274,529010274,162.0,-146.0,90.0,top
Q1,STD140N6F7,DPAKTO-252_A2_STM,107.3121,-140.6288,-90.0,top
Q10,STD140N6F7,DPAKTO-252_A2_STM,107.4125,-165.5,-90.0,top
Q11,STD140N6F7,DPAKTO-252_A2_STM,107.5668,-165.6543,270.0,bottom
Q12,STD140N6F7,DPAKTO-252_A2_STM,107.3457,-157.0,-90.0,top
Q13,STD140N6F7,DPAKTO-252_A2_STM,107.5,-157.0,270.0,bottom
Q14,BSS123,SOT-23,89.6,-150.1375,90.0,bottom
Q15,STD140N6F7,DPAKTO-252_A2_STM,191.7356,-157.5,90.0,top
Q16,STD140N6F7,DPAKTO-252_A2_STM,191.9332,-157.5,90.0,bottom
Q17,STD140N6F7,DPAKTO-252_A2_STM,191.5668,-165.5,90.0,top
Q18,STD140N6F7,DPAKTO-252_A2_STM,191.9125,-166.0,90.0,bottom
Q19,STD140N6F7,DPAKTO-252_A2_STM,191.5668,-174.0,90.0,top
Q2,STD140N6F7,DPAKTO-252_A2_STM,106.8996,-140.3644,270.0,bottom
Q20,STD140N6F7,DPAKTO-252_A2_STM,191.9332,-174.2644,90.0,bottom
Q21,BSS123,SOT-23,204.25,-150.1125,90.0,bottom
Q22,STD140N6F7,DPAKTO-252_A2_STM,193.6543,-123.5,90.0,top
Q23,STD140N6F7,DPAKTO-252_A2_STM,193.9187,-123.5,90.0,bottom
Q24,STD140N6F7,DPAKTO-252_A2_STM,193.6543,-132.0,90.0,top
Q25,STD140N6F7,DPAKTO-252_A2_STM,193.8519,-132.0668,90.0,bottom
Q26,STD140N6F7,DPAKTO-252_A2_STM,193.7418,-140.5,90.0,top
Q27,STD140N6F7,DPAKTO-252_A2_STM,193.9332,-140.5,90.0,bottom
Q28,BSS123,SOT-23,210.2,-150.0625,270.0,bottom
Q29,STD140N6F7,DPAKTO-252_A2_STM,99.0,-103.1668,180.0,top
Q3,STD140N6F7,DPAKTO-252_A2_STM,107.4664,-131.8644,-90.0,top
Q30,STD140N6F7,DPAKTO-252_A2_STM,99.0,-102.6668,0.0,bottom
Q31,STD140N6F7,DPAKTO-252_A2_STM,107.0,-102.9457,180.0,top
Q32,STD140N6F7,DPAKTO-252_A2_STM,107.0,-102.6,0.0,bottom
Q33,STD140N6F7,DPAKTO-252_A2_STM,115.178,-102.7457,180.0,top
Q34,STD140N6F7,DPAKTO-252_A2_STM,115.0,-102.4668,0.0,bottom
Q35,BSS123,SOT-23,130.5625,-91.05,180.0,top
Q4,STD140N6F7,DPAKTO-252_A2_STM,106.8328,-132.3644,270.0,bottom
Q5,STD140N6F7,DPAKTO-252_A2_STM,107.5332,-123.7644,-90.0,top
Q6,STD140N6F7,DPAKTO-252_A2_STM,106.8996,-124.0,270.0,bottom
Q7,BSS123,SOT-23,95.2875,-150.1125,270.0,bottom
Q8,STD140N6F7,DPAKTO-252_A2_STM,107.3457,-174.0,-90.0,top
Q9,STD140N6F7,DPAKTO-252_A2_STM,107.6543,-174.0,270.0,bottom
R1,5.6k,R_0603_1608Metric,178.00125,-99.73,180.0,bottom
R10,1k,R_0603_1608Metric,140.0,-130.2,0.0,top
R11,10k,R_0603_1608Metric,138.2,-136.000001,0.0,top
R12,160k,R_0603_1608Metric,149.872262,-110.447262,90.0,top
R13,30.1k,R_0603_1608Metric,150.622262,-112.952738,180.0,top
R14,10k,R_0603_1608Metric,169.5,-90.4,270.0,bottom
R15,29.4k,R_0603_1608Metric,166.8,-114.85,180.0,top
R16,1k,R_0603_1608Metric,176.15,-95.0,270.0,bottom
R17,160k,R_0603_1608Metric,167.6,-112.275,90.0,top
R18,51k,R_0603_1608Metric,166.0,-112.275,-90.0,top
R19,1k,R_0603_1608Metric,178.16,-91.5,90.0,bottom
R2,1k,R_0603_1608Metric,177.95125,-101.53,180.0,bottom
R20,590k,R_0603_1608Metric,171.2,-90.4,270.0,bottom
R21,100k,R_0603_1608Metric,172.8,-90.4,90.0,bottom
R22,10k,R_0603_1608Metric,126.175,-138.6,0.0,top
R23,120,R_0603_1608Metric,131.4,-124.0,90.0,bottom
R24,120,R_0603_1608Metric,119.775,-125.6,180.0,bottom
R25,62,R_0603_1608Metric,119.025,-135.8,0.0,bottom
R26,62,R_0603_1608Metric,119.025,-137.4,0.0,bottom
R27,62,R_0603_1608Metric,119.025,-132.6,0.0,bottom
R28,62,R_0603_1608Metric,119.025,-134.2,0.0,bottom
R29,62,R_0603_1608Metric,119.025,-129.4,0.0,bottom
R3,1k,R_0603_1608Metric,177.95125,-103.33,180.0,bottom
R30,62,R_0603_1608Metric,119.025,-131.0,0.0,bottom
R31,10m,R_1206_3216Metric,118.5,-140.0,0.0,bottom
R32,1k,R_0603_1608Metric,120.8,-126.8,-90.0,top
R33,1k,R_0603_1608Metric,123.6,-125.8,180.0,top
R34,1k,R_0603_1608Metric,92.4,-150.2,90.0,bottom
R35,5.6k,R_0603_1608Metric,126.2,-126.8,-90.0,top
R36,5.6k,R_0603_1608Metric,123.6,-127.8,0.0,top
R37,10k,R_0603_1608Metric,125.5,-163.8,180.0,bottom
R38,120,R_0603_1608Metric,121.6,-171.2,180.0,bottom
R39,120,R_0603_1608Metric,133.0,-168.4,0.0,bottom
R4,68k,R_0603_1608Metric,160.2,-138.825,270.0,bottom
R40,62,R_0603_1608Metric,119.2,-161.2,0.0,bottom
R41,62,R_0603_1608Metric,119.2,-162.8,0.0,bottom
R42,62,R_0603_1608Metric,119.2,-158.0,0.0,bottom
R43,62,R_0603_1608Metric,119.2,-159.6,0.0,bottom
R44,62,R_0603_1608Metric,119.2,-154.8,0.0,bottom
R45,62,R_0603_1608Metric,119.2,-156.4,0.0,bottom
R46,10m,R_1206_3216Metric,116.4,-176.2,0.0,bottom
R47,1k,R_0603_1608Metric,127.025,-151.42,270.0,bottom
R48,1k,R_0603_1608Metric,129.625,-150.62,0.0,bottom
R49,1k,R_0603_1608Metric,86.825,-150.2,90.0,bottom
R5,10k,R_0603_1608Metric,161.825,-138.825,90.0,bottom
R50,5.6k,R_0603_1608Metric,132.225,-151.42,270.0,bottom
R51,5.6k,R_0603_1608Metric,129.625,-152.4,180.0,bottom
R52,10k,R_0603_1608Metric,174.0,-153.6,180.0,top
R53,120,R_0603_1608Metric,166.8,-170.4,180.0,bottom
R54,120,R_0603_1608Metric,178.2,-167.4,0.0,bottom
R55,62,R_0603_1608Metric,180.4,-156.6,180.0,bottom
R56,62,R_0603_1608Metric,180.4,-155.0,180.0,bottom
R57,62,R_0603_1608Metric,180.4,-159.8,180.0,bottom
R58,62,R_0603_1608Metric,180.4,-158.2,180.0,bottom
R59,62,R_0603_1608Metric,180.4,-163.0,180.0,bottom
R6,160k,R_0603_1608Metric,147.772262,-117.347262,0.0,top
R60,62,R_0603_1608Metric,180.4,-161.4,180.0,bottom
R61,10m,R_1206_3216Metric,184.15,-173.55,90.0,bottom
R62,1k,R_0603_1608Metric,181.0,-166.0,90.0,top
R63,1k,R_0603_1608Metric,178.425,-166.8,0.0,top
R64,1k,R_0603_1608Metric,207.225,-150.0,270.0,bottom
R65,5.6k,R_0603_1608Metric,175.8,-166.6,90.0,top
R66,5.6k,R_0603_1608Metric,178.425,-165.22,180.0,top
R67,10k,R_0603_1608Metric,173.8,-128.5,0.0,bottom
R68,120,R_0603_1608Metric,164.8,-125.15,0.0,top
R69,120,R_0603_1608Metric,174.0,-121.3,180.0,top
R7,43.2k,R_0603_1608Metric,150.622262,-114.997262,180.0,top
R70,62,R_0603_1608Metric,180.4,-131.2,180.0,bottom
R71,62,R_0603_1608Metric,180.4,-129.6,180.0,bottom
R72,62,R_0603_1608Metric,180.4,-134.4,180.0,bottom
R73,62,R_0603_1608Metric,180.4,-132.8,180.0,bottom
R74,62,R_0603_1608Metric,180.375,-137.6,180.0,bottom
R75,62,R_0603_1608Metric,180.4,-136.0,180.0,bottom
R76,10m,R_1206_3216Metric,184.95,-140.55,180.0,bottom
R77,1k,R_0603_1608Metric,177.4,-139.4,90.0,top
R78,1k,R_0603_1608Metric,174.8,-140.4,0.0,top
R79,1k,R_0603_1608Metric,213.0,-150.0125,270.0,bottom
R8,10k,R_0603_1608Metric,138.177799,-132.2,0.0,top
R80,5.6k,R_0603_1608Metric,172.2,-139.4,90.0,top
R81,5.6k,R_0603_1608Metric,174.8,-138.6,180.0,top
R82,10k,R_0603_1608Metric,130.625,-119.2,180.0,bottom
R83,62,R_0603_1608Metric,123.16,-116.5,0.0,bottom
R84,62,R_0603_1608Metric,123.16,-118.1,0.0,bottom
R85,62,R_0603_1608Metric,123.16,-113.3,0.0,bottom
R86,62,R_0603_1608Metric,123.16,-114.9,0.0,bottom
R87,62,R_0603_1608Metric,123.16,-110.1,0.0,bottom
R88,62,R_0603_1608Metric,123.16,-111.7,0.0,bottom
R89,10m,R_1206_3216Metric,96.4,-116.2,90.0,bottom
R9,3k,R_0603_1608Metric,138.2,-134.1,0.0,top
R90,1k,R_0603_1608Metric,126.0,-107.4,270.0,bottom
R91,1k,R_0603_1608Metric,128.775,-106.8,0.0,bottom
R92,1k,R_0603_1608Metric,130.4,-88.1,0.0,top
R93,7.5k,R_0603_1608Metric,131.6,-107.4,270.0,bottom
R94,7.5k,R_0603_1608Metric,128.8,-108.6,180.0,bottom
R95,R,R_0603_1608Metric,110.81,-87.64,0.0,bottom
R96,R,R_0603_1608Metric,114.04,-87.64,180.0,bottom
R97,R,R_0603_1608Metric,117.245,-87.64,180.0,bottom
SW1,B3J-1100,B3J-1000,188.65,-91.1,90.0,top
U1,MPM3620GQV-P,MPM3620GQVP,145.222262,-112.484762,180.0,top
U10,STSPIN32F0A,IC_STSPIN32F0A,125.8,-159.2,180.0,top
U11,SN75157DR,SOIC127P599X175-8N,127.4,-168.8,180.0,bottom
U12,SN74LVC3G17DCUR,SOP50P310X90-8N,127.45,-167.55,0.0,top
U13,SN74LVC3G17DCUR,SOP50P310X90-8N,121.35,-167.5,180.0,top
U14,STSPIN32F0A,IC_STSPIN32F0A,173.5,-159.0,0.0,top
U15,SN75157DR,SOIC127P599X175-8N,172.6,-168.0,180.0,bottom
U16,SN74LVC3G17DCUR,SOP50P310X90-8N,168.75,-166.85,90.0,top
U17,SN74LVC3G17DCUR,SOP50P310X90-8N,172.675,-166.85,90.0,top
U18,STSPIN32F0A,IC_STSPIN32F0A,173.5,-133.5,0.0,top
U19,SN75157DR,SOIC127P599X175-8N,169.495,-122.13,90.0,top
U2,FSV10100V,DIO_10100V_ONS,138.8001,-126.2,90.0,top
U20,SN74LVC3G17DCUR,SOP50P310X90-8N,173.0,-140.2,0.0,bottom
U21,SN74LVC3G17DCUR,SOP50P310X90-8N,169.65,-123.8,270.0,bottom
U22,STSPIN32F0A,IC_STSPIN32F0A,130.075,-114.0,180.0,top
U23,SN74LVC3G17DCUR,SOP50P310X90-8N,122.025,-101.45,270.0,bottom
U3,VN5E006ASPTR-E,SO_E006ASP-E_STM,150.0,-133.0,180.0,top
U4,MPM3620GQV-P,MPM3620GQVP,161.25,-112.4375,180.0,top
U5,LTC2955-1,SOT65P280X100-8N,175.55,-91.0,270.0,bottom
U6,STSPIN32F0A,IC_STSPIN32F0A,125.93,-133.5,180.0,top
U7,SN75157DR,SOIC127P599X175-8N,126.2,-125.2,0.0,bottom
U8,SN74LVC3G17DCUR,SOP50P310X90-8N,127.4,-139.8,180.0,bottom
U9,SN74LVC3G17DCUR,SOP50P310X90-8N,129.2,-125.8,-90.0,top
X1,01530007Z,FUSE_01530007Z,150.05,-154.59555,180.0,top
