﻿Designator,Footprint,Quantity,Value,LCSC Part #
"C101, C102, C103, C112, C115, C201, C202",0603,7,100nF,
"C104, C105, C106, C107, C108, C116, C117, C118, C119, C120, C121",1206,11,10uF,
C109,1206,1,22uF,
C110,0603,1,1uF,
C111,2220,1,47uF,
"C113, C114",CP_Radial_D10.0mm_P5.00mm,2,220uF,
"C203, C204",0603,2,0.1nF,
"D101, D102, D103, D104, D105, D106",0603,6,GREEN,
"H201, H202, H203",MountingHole_2.2mm_M2,3,MountingHole,
J101,AMASS_XT60PW-M,1,XT60PW-M,
J104,PinHeader_1x04_P2.54mm_Vertical,1,SWD,
J201,CON_702461004_MOL,1,702461004,
J202,MOLEX_353180420,1,1x4_Molex_Connector,353180420
J203,MOLEX_430450607,1,430450607,
"JP101, JP102",SolderJumper-2_P1.3mm_Open_Pad1.0x1.5mm,2,SolderJumper_2_Open,
L101,SRN3015,1,22uH,
"Q101, Q102, Q103, Q104, Q105, Q106",DPAKTO-252_A2_STM,6,STD140N6F7,
"R101, R102, R103, R104, R105, R106, R201, R202",0603,8,62,
"R107, R109, R110, R117, R119",0603,5,1k,
R108,0603,1,4.7k,
R111,1206,1,2m,
R112,0603,1,270k,
"R113, R120, R121",0603,3,100k,
R114,0603,1,63.4k,
R115,0603,1,160k,
R116,0603,1,30.1k,
R118,0603,1,10k,
SW101,Slide_Switch_SPDT,1,SW_SPDT,
U101,IC_STSPIN32F0A,1,STSPIN32F0A,
U102,Teensy41,1,Teensy4.1,
U103,MPM3620GQV-P,1,MPM3620GQV-P,
U105,SOT-23-5,1,INA180A3,
"U201, U202",SOP65P400X130-8N,2,SN74LVC3G17DCTR,
U203,SOIC127P600X175-16N,1,MC3486DR,
