Comment,Designator,Footprint,LCSC,Quantity
100nF,"C2,C9",C_0402_1005Metric,C1525,2
1uF,C3,C_0402_1005Metric,C52923,1
AP7361C-33E,U4,SOT-223-3_TabPin2,C500795,1
ESP32-C5-WROOM-1U-N8R8,U1,ESP32-C5-WROOM-1U,C51950748,1
MF-MSMF075/33X,F1,Fuse_1812_4532Metric,C3760814,1
RADIO_LINK,J2,JST_GH_BM15B-GHS-TBT_1x15-1MP_P1.25mm_Vertical,C5305069,1
RED,D3,LED_0603_1608Metric,C5554143,1
TPD4E05U06DQA,"U5,U6",USON-10_2.5x1.0mm_P0.5mm,C138714,2
TPS2116DRL,U3,SOT-583-8,C3235557,1
TVS0500DRV,"D2,D4",WSON-6-1EP_2x2mm_P0.65mm_EP1x1.6mm,C609571,2
USBLC6-2SC6,U2,SOT-23-6,C7519,1
USB_C,J1,USB_C_Receptacle_GCT_USB4110,C5143397,1
499,R7,R_0402_1005Metric,,1
10uF 10V,C6,C_0603_1608Metric,,1
SKQGABE010,SW2,SW_SPST_SKQG_WithStem,,1
10uF 10V,C7,C_0603_1608Metric,,1
68k,R12,R_0402_1005Metric,,1
1M,R14,R_0402_1005Metric,,1
1.5k,R15,R_0402_1005Metric,,1
22uF,C1,C_0805_2012Metric,,1
GREEN,D1,LED_0603_1608Metric,,1
22,R5,R_0402_1005Metric,,1
5.1k,R10,R_0402_1005Metric,,1
10k,R1,R_0402_1005Metric,,1
10k,R3,R_0402_1005Metric,,1
100k,R11,R_0402_1005Metric,,1
22uF,C8,C_0805_2012Metric,,1
33,R4,R_0402_1005Metric,,1
470,R2,R_0402_1005Metric,,1
5.1k,R9,R_0402_1005Metric,,1
22,R6,R_0402_1005Metric,,1
SKQGABE010,SW1,SW_SPST_SKQG_WithStem,,1
1.5k,R8,R_0402_1005Metric,,1
10k,R13,R_0402_1005Metric,,1
4.7uF,C5,C_0805_2012Metric,,1
