Designator,Val,Package,Mid X,Mid Y,Rotation,Layer
C1,22uF,C_0805_2012Metric,107.0,-102.3,90.0,top
C2,100nF,C_0402_1005Metric,107.5,-104.56,180.0,top
C3,1uF,C_0402_1005Metric,104.4,-106.3,-90.0,top
C5,4.7uF,C_0805_2012Metric,115.6,-126.4,90.0,top
C6,10uF 10V,C_0603_1608Metric,121.0,-134.3,180.0,top
C7,10uF 10V,C_0603_1608Metric,119.6,-138.5,90.0,top
C8,22uF,C_0805_2012Metric,125.8,-138.5,90.0,top
C9,100nF,C_0402_1005Metric,127.8,-138.5,90.0,top
D1,GREEN,LED_0603_1608Metric,132.5,-112.0,0.0,top
D2,TVS0500DRV,WSON-6-1EP_2x2mm_P0.65mm_EP1x1.6mm,110.6,-135.0,90.0,top
D3,RED,LED_0603_1608Metric,132.5,-117.0,0.0,top
D4,TVS0500DRV,WSON-6-1EP_2x2mm_P0.65mm_EP1x1.6mm,110.5,-144.8,0.0,top
F1,MF-MSMF075/33X,Fuse_1812_4532Metric,115.0,-134.5,180.0,top
J1,USB_C,USB_C_Receptacle_GCT_USB4110,104.895,-131.0,-90.0,top
J2,RADIO_LINK,JST_GH_BM15B-GHS-TBT_1x15-1MP_P1.25mm_Vertical,118.0,-150.2,0.0,top
R1,10k,R_0402_1005Metric,105.6,-106.34,90.0,top
R10,5.1k,R_0402_1005Metric,108.0,-138.4,180.0,top
R11,100k,R_0402_1005Metric,119.5,-141.8,0.0,top
R12,68k,R_0402_1005Metric,121.5,-141.8,0.0,top
R13,10k,R_0402_1005Metric,123.5,-141.8,0.0,top
R14,1M,R_0402_1005Metric,125.5,-141.8,0.0,top
R15,1.5k,R_0402_1005Metric,132.5,-119.0,0.0,top
R2,470,R_0402_1005Metric,102.9,-106.4,0.0,top
R3,10k,R_0402_1005Metric,129.9,-121.5,0.0,top
R4,33,R_0402_1005Metric,107.2,-107.1,0.0,top
R5,22,R_0402_1005Metric,106.6,-120.7,-90.0,top
R6,22,R_0402_1005Metric,107.8,-120.7,-90.0,top
R7,499,R_0402_1005Metric,129.0,-107.1,0.0,top
R8,1.5k,R_0402_1005Metric,132.5,-114.0,0.0,top
R9,5.1k,R_0402_1005Metric,113.0,-129.0,0.0,top
SW1,SKQGABE010,SW_SPST_SKQG_WithStem,131.5,-127.8,0.0,top
SW2,SKQGABE010,SW_SPST_SKQG_WithStem,131.5,-134.5,0.0,top
U1,ESP32-C5-WROOM-1U-N8R8,ESP32-C5-WROOM-1U,118.25,-110.675,0.0,top
U2,USBLC6-2SC6,SOT-23-6,110.3,-125.8,0.0,top
U3,TPS2116DRL,SOT-583-8,122.5,-138.5,0.0,top
U4,AP7361C-33E,SOT-223-3_TabPin2,121.8,-128.8,180.0,top
U5,TPD4E05U06DQA,USON-10_2.5x1.0mm_P0.5mm,116.75,-145.6,0.0,top
U6,TPD4E05U06DQA,USON-10_2.5x1.0mm_P0.5mm,127.6,-144.6,270.0,top
