"C1,C4,C5,C9,C11,C12,C13,C14,C15",9,1u 63V,Capacitor_SMD:C_0603_1608Metric,DigiKey,490-GRM188D72A105KE01JCT-ND,https://search.murata.co.jp/Ceramy/image/img/A01X/G101/ENG/GRM188D72A105KE01-01A.pdf
"C2,C3",2,100u 35V,Capacitor_SMD:C_Elec_6.3x5.8,DigiKey,PCE5016CT-ND,https://industrial.panasonic.com/cdbs/www-data/pdf/RDE0000/ABA0000C1240.pdf
"C6,C8,C18",3,100n 25V,Capacitor_SMD:C_0402_1005Metric,DigiKey,1276-1043-1-ND ,https://mm.digikey.com/Volume0/opasdata/d220001/medias/docus/503/CL05A104KA5NNNC.pdf
"C7,C16,C17",3,10u 25V,Capacitor_SMD:C_0603_1608Metric,DigiKey,490-13248-1-ND,https://search.murata.co.jp/Ceramy/image/img/A01X/G101/ENG/GRM188R6YA106MA73-01A.pdf
C10,1,33nF,Capacitor_SMD:C_0402_1005Metric,DigiKey,490-1303-1-ND,https://search.murata.co.jp/Ceramy/image/img/A01X/G101/ENG/GRM155R71H272KA01-01.pdf
"D1,D2,D4,D5,D6,D7",6,1N4148WL2-TP,Diode_SMD:D_SOD-882,DigiKey,1N4148WL2-TPMSCT-ND,https://www.mccsemi.com/pdf/Products/1N4148WL2(DFN1006-2L).pdf
D3,1,FAULT,LED_SMD:LED_0603_1608Metric,DigiKey,160-1436-1-ND,https://optoelectronics.liteon.com/upload/download/DS-22-99-0151/LTST-C190KRKT.pdf
D8,1,SMAJ16A,,Digikey,SMAJ16ALFCT-ND,https://www.littelfuse.com/assetdocs/tvs-diodes-smaj-datasheet?assetguid=13c2a823-03b8-4d1f-9ddc-9b44670aed9d
D9,1,+12V,LED_SMD:LED_0603_1608Metric,DigiKey,160-1435-1-ND,https://optoelectronics.liteon.com/upload/download/DS22-2000-074/LTST-C190KGKT.PDF
"D10,D12",2,PUSB3FR4Z,Package_DFN_QFN:Diodes_UDFN-10_1x2.5mm_P0.5mm,DigiKey,1727-2026-1-ND,https://assets.nexperia.com/documents/data-sheet/PUSB3FR4.pdf
D11,1,OVERTEMP,LED_SMD:LED_0603_1608Metric,DigiKey,160-1436-1-ND,https://optoelectronics.liteon.com/upload/download/DS-22-99-0151/LTST-C190KRKT.pdf
F1,1,12A,,Digikey,486-1687-1-ND,https://www.schurter.com/en/datasheet/typ_UST_1206.pdf
J1,1,PWR_IN,Connector_JST:JST_VH_B2PS-VH_1x02_P3.96mm_Horizontal,DigiKey,455-B2PS-VH-ND,https://www.jst-mfg.com/product/pdf/eng/eVH.pdf
J2,1,COMM SPI,Connector_JST:JST_GH_SM05B-GHS-TB_1x05-1MP_P1.25mm_Horizontal,Digikey,455-SM05B-SRSS-TBCT-ND,https://www.jst-mfg.com/product/pdf/eng/eSH.pdf
J3,1,SWD Debug,Connector_PinHeader_2.54mm:PinHeader_1x04_P2.54mm_Vertical,DigiKey,S5596-ND,https://mm.digikey.com/Volume0/opasdata/d220001/medias/docus/2900/NPxCxx1KFXx-RC%2010487-D.pdf
J4,1,MOTOR UVW,Connector_JST:JST_ACH_BM03B-ACHSS-GAN-ETF_1x03-1MP_P1.20mm_Vertical,Digikey,455-BM03B-ACHSS-GAN-TFCT-ND,https://mm.digikey.com/Volume0/opasdata/d220001/medias/docus/2226/ACH_1.2Pitch_DisconnectableCrimp.pdf
J5,1,MOTOR HALL,Connector_JST:JST_ACH_BM05B-ACHSS-A-GAN-ETF_1x05-1MP_P1.20mm_Vertical,DigiKey,455-BM05B-ACHSS-A-GAN-ETFCT-ND,https://mm.digikey.com/Volume0/opasdata/d220001/medias/docus/2226/ACH_1.2Pitch_DisconnectableCrimp.pdf
J6,1,Conn_01x03,Connector_JST:JST_GH_SM02B-GHS-TB_1x02-1MP_P1.25mm_Horizontal,DigiKey,455-1593-ND,https://www.jst-mfg.com/product/pdf/eng/eGH.pdf
J7,1,Conn_01x03,Connector_JST:JST_GH_SM03B-GHS-TB_1x03-1MP_P1.25mm_Horizontal,DigiKey,455-BM03B-GHS-TBTCT-ND,https://www.jst-mfg.com/product/pdf/eng/eGH.pdf
L1,1,10u 540mA,Inductor_SMD:L_1210_3225Metric,DigiKey,587-2421-1-ND,https://mm.digikey.com/Volume0/opasdata/d220001/medias/docus/610/LBC3225T100KR_SS.pdf
"Q1,Q2,Q3,Q4,Q5,Q6",6,STL90N10F7,Package_DFN_QFN:PQFN-8-EP_6x5mm_P1.27mm_Generic,DigiKey,497-13969-1-ND,https://www.st.com/content/ccc/resource/technical/document/datasheet/c5/82/12/26/0e/de/42/f4/DM00082639.pdf/files/DM00082639.pdf/jcr:content/translations/en.DM00082639.pdf
"R1,R3,R10,R12,R14,R16",6,0R,Resistor_SMD:R_0402_1005Metric,DigiKey,311-0.0JRCT-ND,https://yageogroup.com/content/datasheet/asset/file/PYU-RC_GROUP_51_ROHS_L
"R2,R4,R11,R13,R15,R17",6,68R,Resistor_SMD:R_0402_1005Metric,DigiKey,311-68.0LRCT-ND,https://yageogroup.com/content/datasheet/asset/file/PYU-RC_GROUP_51_ROHS_L
"R5,R19,R20,R24,R25,R26,R33",7,10k,Resistor_SMD:R_0402_1005Metric,DigiKey,311-10KJRCT-ND,https://yageogroup.com/content/datasheet/asset/file/PYU-RC_GROUP_51_ROHS_L
"R6,R21,R22,R23",4,4.7k,Resistor_SMD:R_0402_1005Metric,DigiKey,311-4.7KLRCT-ND,https://yageogroup.com/content/datasheet/asset/file/PYU-RC_GROUP_51_ROHS_L
R7,1,15m ±1% 3W,RJ-Passives:R_Shunt_Analog_2512_6332_HighAccuracy,DigiKey,CRA2512-FZ-R015ELFCT-ND,https://www.bourns.com/docs/product-datasheets/cra.pdf
R8,1,1.13k ±0.1%,Resistor_SMD:R_0402_1005Metric,DigiKey,YAG1370CT-ND,https://yageogroup.com/content/datasheet/asset/file/PYU-RT_1-TO-0-01_ROHS_L
R9,1,33 ±0.1%,Resistor_SMD:R_0402_1005Metric,DigiKey,YAG1412CT-ND,https://yageogroup.com/content/datasheet/asset/file/PYU-RT_1-TO-0-01_ROHS_L
R18,1,100k,Resistor_SMD:R_0402_1005Metric,DigiKey,311-100KLRCT-ND ,https://yageogroup.com/content/datasheet/asset/file/PYU-RC_GROUP_51_ROHS_L
R27,1,120k ±0.1%,Resistor_SMD:R_0402_1005Metric,DigiKey,YAG1487CT-ND,https://yageogroup.com/content/datasheet/asset/file/PYU-RT_1-TO-0-01_ROHS_L
"R28,R31",2,30k ±0.1%,Resistor_SMD:R_0402_1005Metric,DigiKey,YAG1370CT-ND,https://yageogroup.com/content/datasheet/asset/file/PYU-RT_1-TO-0-01_ROHS_L
"R29,R32",2,240k ±0.1%,Resistor_SMD:R_0402_1005Metric,DigiKey,YAG4180CT-ND,https://yageogroup.com/content/datasheet/asset/file/PYU-RT_1-TO-0-01_ROHS_L
R30,1,300R ±1%,Resistor_SMD:R_0402_1005Metric,DigiKey,311-300JRCT-ND,https://yageogroup.com/content/datasheet/asset/file/PYU-RC_GROUP_51_ROHS_L
SW1,1,RESET,Button_Switch_SMD:SW_Push_1P1T_NO_CK_KMR2,DigiKey,KMR211G LFS,https://www.littelfuse.com/assetdocs/littelfuse-c-k-tactile-kmr2-series-datasheet?assetguid=f782bfc7-b600-4ab5-8c8d-a2a094a642e3
TH1,1,Thermistor,,DigiKey,283-NRSE105H3950B1H-ND,https://www.eaton.com/content/dam/eaton/products/electronic-components/resources/data-sheet/eaton-nrse-epoxy-sealed-radial-lead-ntc-thermistor-data-sheet-elx1227.pdf
"TP1,TP10,TP11",3,OUT_{x},TestPoint:TestPoint_Pad_1.0x1.0mm,,,
TP2,1,REG12,TestPoint:TestPoint_Loop_D1.80mm_Drill1.0mm_Beaded,DigiKey,36-5000-ND,https://www.keyelco.com/userAssets/file/K75p62.pdf
TP3,1,OCCOMP,TestPoint:TestPoint_Loop_D1.80mm_Drill1.0mm_Beaded,DigiKey,36-5002-ND,https://www.keyelco.com/userAssets/file/K75p62.pdf
TP4,1,HSU,TestPoint:TestPoint_Pad_1.0x1.0mm,,,
TP5,1,LSU,TestPoint:TestPoint_Pad_1.0x1.0mm,,,
TP6,1,HSV,TestPoint:TestPoint_Pad_1.0x1.0mm,,,
TP7,1,LSV,TestPoint:TestPoint_Pad_1.0x1.0mm,,,
TP8,1,HSW,TestPoint:TestPoint_Pad_1.0x1.0mm,,,
TP9,1,LSW,TestPoint:TestPoint_Pad_1.0x1.0mm,,,
TP12,1,VBUS,TestPoint:TestPoint_Loop_D1.80mm_Drill1.0mm_Beaded,DigiKey,36-5000-ND,https://www.keyelco.com/userAssets/file/K75p62.pdf
TP13,1,3.3V REG,TestPoint:TestPoint_Loop_D1.80mm_Drill1.0mm_Beaded,DigiKey,36-5000-ND,https://www.keyelco.com/userAssets/file/K75p62.pdf
"TP14,TP15,TP16,TP17",4,GND,TestPoint:TestPoint_Loop_D1.80mm_Drill1.0mm_Beaded,DigiKey,36-5001-ND,https://www.keyelco.com/userAssets/file/K75p62.pdf
TP18,1,CSN,TestPoint:TestPoint_Pad_1.5x1.5mm,DigiKey,36-5002-ND,https://www.keyelco.com/userAssets/file/K75p62.pdf
TP19,1,SCK,TestPoint:TestPoint_Pad_1.5x1.5mm,DigiKey,36-5002-ND,https://www.keyelco.com/userAssets/file/K75p62.pdf
TP20,1,MISO,TestPoint:TestPoint_Pad_1.5x1.5mm,DigiKey,36-5002-ND,https://www.keyelco.com/userAssets/file/K75p62.pdf
TP21,1,MOSI,TestPoint:TestPoint_Pad_1.5x1.5mm,DigiKey,36-5002-ND,https://www.keyelco.com/userAssets/file/K75p62.pdf
TP22,1,SDA,TestPoint:TestPoint_Loop_D1.80mm_Drill1.0mm_Beaded,DigiKey,36-5002-ND,https://www.keyelco.com/userAssets/file/K75p62.pdf
TP23,1,SCL,TestPoint:TestPoint_Loop_D1.80mm_Drill1.0mm_Beaded,DigiKey,36-5002-ND,https://www.keyelco.com/userAssets/file/K75p62.pdf
TP24,1,ISENSEx,TestPoint:TestPoint_Loop_D1.80mm_Drill1.0mm_Beaded,DigiKey,36-5002-ND,https://www.keyelco.com/userAssets/file/K75p62.pdf
U1,1,STSPIN32G0A2,Package_DFN_QFN:VQFN-48-1EP_7x7mm_P0.5mm_EP2.6x2.6mm,DigiKey,497-STSPIN32G0A2-ND,https://www.st.com/resource/en/datasheet/stspin32g0a1.pdf
U2,1,TPS62177DQC,Package_SON:WSON-10-1EP_2x3mm_P0.5mm_EP0.84x2.4mm_ThermalVias,DigiKey,296-41856-1-ND,http://www.ti.com/lit/ds/symlink/tps62177.pdf
U3,1,LM75ADP,Package_SO:TSSOP-8_3x3mm_P0.65mm,DigiKey,568-4227-1-ND,http://www.nxp.com/docs/en/data-sheet/LM75A.pdf
