Refs,Qty,Value,Footprint,MPN,Vendor PN,Rating
ANT1,1,Antenna FXP831,,Taoglas FXP831.07.0100C,931-1121-ND,
"C1,C8",2,22uF,Capacitor_SMD:C_0805_2012Metric,Samsung CL21A226MOQNNNE,1276-2909-1-ND,16V X5R 20%
"C2,C9",2,100nF,Capacitor_SMD:C_0402_1005Metric,Samsung CL05B104KO5NNNC,1276-1001-1-ND,16V X7R
C3,1,1uF,Capacitor_SMD:C_0402_1005Metric,Samsung CL05A105KA5NQNC,1276-1445-1-ND,25V X5R
C5,1,4.7uF,Capacitor_SMD:C_0805_2012Metric,TDK C2012X5R1E475K125AB,445-4116-1-ND,25V X5R
"C6,C7",2,10uF 10V,Capacitor_SMD:C_0603_1608Metric,Taiyo Yuden LMK107BBJ106MALT,587-3258-1-ND,10V X5R 20%
D1,1,GREEN,LED_SMD:LED_0603_1608Metric,Kingbright APT1608SGC,754-1121-1-ND,
"D2,D4",2,TVS0500DRV,Package_SON:WSON-6-1EP_2x2mm_P0.65mm_EP1x1.6mm,TI TVS0500DRVR,296-48382-1-ND,
D3,1,RED,LED_SMD:LED_0603_1608Metric,Kingbright APT1608EC,754-1117-1-ND,
F1,1,MF-MSMF075/33X,Fuse:Fuse_1812_4532Metric,Bourns MF-MSMF075/33X-2,118-MF-MSMF075/33X-2CT-ND,
J1,1,USB_C,Connector_USB:USB_C_Receptacle_GCT_USB4110,GCT USB4110-GF-A,2073-USB4110-GF-A-1-ND,
J2,1,RADIO_LINK,Connector_JST:JST_GH_BM15B-GHS-TBT_1x15-1MP_P1.25mm_Vertical,JST BM15B-GHS-TBT(LF)(SN),455-BM15B-GHS-TBTCT-ND,
"R1,R3,R13",3,10k,Resistor_SMD:R_0402_1005Metric,Yageo RC0402FR-0710KL,311-10.0KLRCT-ND,1%
R2,1,470,Resistor_SMD:R_0402_1005Metric,Yageo RC0402FR-07470RL,311-470LRCT-ND,1%
R4,1,33,Resistor_SMD:R_0402_1005Metric,Yageo RC0402FR-0733RL,311-33.0LRCT-ND,1%
"R5,R6",2,22,Resistor_SMD:R_0402_1005Metric,Yageo RC0402FR-0722RL,311-22.0LRCT-ND,1%
R7,1,499,Resistor_SMD:R_0402_1005Metric,Yageo RC0402FR-07499RL,311-499LRCT-ND,1%
"R8,R15",2,1.5k,Resistor_SMD:R_0402_1005Metric,Panasonic ERJ-2RKF1501X,P1.50KLCT-ND,1%
"R9,R10",2,5.1k,Resistor_SMD:R_0402_1005Metric,Yageo RC0402FR-075K1L,311-5.10KLRCT-ND,1%
R11,1,100k,Resistor_SMD:R_0402_1005Metric,Yageo RC0402FR-07100KL,311-100KLRCT-ND,1%
R12,1,68k,Resistor_SMD:R_0402_1005Metric,Yageo RC0402FR-0768KL,311-68.0KLRCT-ND,1%
R14,1,1M,Resistor_SMD:R_0402_1005Metric,Yageo RC0402FR-071ML,311-1.00MLRCT-ND,1%
"SW1,SW2",2,SKQGABE010,Button_Switch_SMD:SW_SPST_SKQG_WithStem,Alps Alpine SKQGABE010,4809-SKQGABE010CT-ND,
U2,1,USBLC6-2SC6,Package_TO_SOT_SMD:SOT-23-6,ST USBLC6-2SC6,497-5235-1-ND,
U3,1,TPS2116DRL,Package_TO_SOT_SMD:SOT-583-8,TI TPS2116DRLR,296-TPS2116DRLRCT-ND,
U4,1,AP7361C-33E,Package_TO_SOT_SMD:SOT-223-3_TabPin2,Diodes AP7361C-33E-13,AP7361C-33E-13DICT-ND,
"U5,U6",2,TPD4E05U06DQA,Package_SON:USON-10_2.5x1.0mm_P0.5mm,TI TPD4E05U06DQAR,296-35765-1-ND,
